Workbook
Name ___________JAD11: #REF!
Name ___________JAD11: #REF!
Name ___________JAD11: #REF!
Name ___________JAD11: #REF!
Name ___________JAD11: #REF!
Name ___________JAD11: #REF!
Name ___________JAD12: #REF!
Name ___________JAD12: #REF!
Name ___________JAD12: #REF!
Name ___________JAD12: #REF!
Name ___________JAD12: #REF!
Name __________2: #REF!
Name __________2: #REF!
Name __________2: #REF!
Name __________2: #REF!
Name __________2: #REF!
Name __________20_49: #REF!
Name __________20_49: #REF!
Name __________20_49: #REF!
Name __________20_49: #REF!
Name __________20_49: #REF!
Name __________200_499: #REF!
Name __________200_499: #REF!
Name __________200_499: #REF!
Name __________200_499: #REF!
Name __________200_499: #REF!
Name __________3: #REF!
Name __________3: #REF!
Name __________3: #REF!
Name __________3: #REF!
Name __________3: #REF!
Name __________4: #REF!
Name __________4: #REF!
Name __________4: #REF!
Name __________4: #REF!
Name __________4: #REF!
Name __________5: #REF!
Name __________5: #REF!
Name __________5: #REF!
Name __________5: #REF!
Name __________5: #REF!
Name __________50_99: #REF!
Name __________50_99: #REF!
Name __________50_99: #REF!
Name __________50_99: #REF!
Name __________50_99: #REF!
Name __________500_1999: #REF!
Name __________500_1999: #REF!
Name __________500_1999: #REF!
Name __________500_1999: #REF!
Name __________500_1999: #REF!
Name __________6: #REF!
Name __________6: #REF!
Name __________6: #REF!
Name __________6: #REF!
Name __________6: #REF!
Name __________7: #REF!
Name __________7: #REF!
Name __________7: #REF!
Name __________7: #REF!

Sheet Tajuk
A1: Jadual 1: Statistik penting pelancongan domestik di Perlis, 2018 - 2025 | B1: Jadual 1: Statistik penting pelancongan domestik di Perlis, 2019 - 2025 | D1: Perlis
A2: Table 1: Key statistics of domestic tourism in Perlis, 2018 - 2025 | B2: Table 1: Key statistics of domestic tourism in Perlis, 2019 - 2025
A3: Jadual 2: Bilangan pelawat domestik mengikut jenis pelawat ke Perlis, 2024 dan 2025 | B3: Jadual 2: Pelawat domestik mengikut jenis pelawat ke Perlis, 2024 dan 2025
A4: Table 2: Number of domestic visitors by type of visitors to Perlis, 2024 and 2025 | B4: Table 2: Domestic visitors by type of visitors to Perlis, 2024 and 2025
A5: Jadual 3: Bilangan perjalanan pelancongan domestik ke Perlis, 2024 dan 2025 | B5: Jadual 3: Perjalanan pelancongan domestik ke Perlis, 2024 dan 2025
A6: Table 3: Number of domestic tourism trips to Perlis, 2024 and 2025 | B6: Table 3: Domestic tourism trips to Perlis, 2024 and 2025
A7: Jadual 4: Terimaan pelancongan domestik mengikut jenis perjalanan di Perlis, 2024 dan 2025 | B7: Jadual 4: Terimaan pelancongan domestik mengikut jenis perjalanan di Perlis, 2024 dan 2025
A8: Table 4: Receipts of domestic tourism receipts by type of trip in Perlis, 2024 and 2025 | B8: Table 4: Domestic tourism receipts by type of trip in Perlis, 2024 and 2025
A9: Jadual 5: Bilangan perjalanan pelancongan domestik mengikut jenis perjalanan ke Perlis, 2024 dan 2025 | B9: Jadual 5: Perjalanan pelancongan domestik mengikut jenis perjalanan ke Perlis, 2024 dan 2025
A10: Table 5: Number of domestic tourism trips by type of trip to Perlis, 2024 and 2025 | B10: Table 5: Domestic tourism trips by type of trip to Perlis, 2024 and 2025
A11: Jadual 6: Purata bilangan hari menginap bagi pelancong ke Perlis, 2024 dan 2025 | B11: Jadual 6: Purata bilangan hari menginap bagi pelancong ke Perlis, 2024 dan 2025
A12: Table 6: Average length of stay of tourists to Perlis, 2024 and 2025 | B12: Table 6: Average length of stay of tourists to Perlis, 2024 and 2025
A13: Jadual 7: Jumlah terimaan pelancongan daripada pelawat domestik ke Perlis mengikut komponen, 2024 dan 2025 | B13: Jadual 7: Terimaan pelancongan daripada pelawat domestik ke Perlis mengikut komponen, 2024 dan 2025
... A32: Table 15: Number of hotel and room in Perlis by location, 2025 | B32: Table 15: Hotel and room in Perlis by location, 2025

Sheet Master
A1: 2024 | D1: Johor | E1: 1 | G1: =VLOOKUP(Tajuk!$D$1,$D$1:$E$16,2,0) -> 9
A2: =A1+1 -> 2025 | D2: Kedah | E2: 2
D3: Kelantan | E3: 3
D4: Melaka | E4: 4
D5: Negeri Sembilan | E5: 5
D6: Pahang | E6: 6
D7: Pulau Pinang | E7: 7
D8: Perak | E8: 8
D9: Perlis | E9: 9
D10: Selangor | E10: 10
D11: Terengganu | E11: 11
D12: Sabah | E12: 12
D13: Sarawak | E13: 13
D14: W.P. Kuala Lumpur | E14: 14
... D16: W.P. Putrajaya | E16: 16

Sheet Jadual 1
A1: =Tajuk!B1 -> Jadual 1: Statistik penting pelancongan domestik di Perlis, 2019 - 2025
A2: =Tajuk!B2 -> Table 1: Key statistics of domestic tourism in Perlis, 2019 - 2025
A4: Statistik penting Key statistics | B4: 2019 | C4: =B4+1 -> 2020 | D4: =C4+1 -> 2021 | E4: =D4+1 -> 2022 | F4: =E4+1 -> 2023 | G4: =F4+1 -> 2024 | H4: =G4+1 -> 2025
A6: Terimaan pelancongan (RM juta) Tourism receipts (RM million) | B6: ='[13]J1'!$J98 -> 578.80553 | C6: ='[13]J1'!$J88 -> 224.06631 | D6: ='[13]J1'!$J78 -> 78.013297 | E6: ='[13]J1'!$J68 -> 455.61879 | F6: ='[13]J1'!$J58 -> 583.87011 | G6: ='[13]J1'!$J48 -> 1002.8137 | H6: ='[13]J1'!$J38 -> 1211.2038 | J6: ='[13]J1'!$J108 -> 616.74993
A7: Kadar pertumbuhan tahunan (%) Annual growth rate (%) | B7: =(B6/J6-1)*100 -> -6.1523149 | C7: =(C6/B6-1)*100 -> -61.288154 | D7: =(D6/C6-1)*100 -> -65.182942 | E7: =(E6/D6-1)*100 -> 484.02709 | F7: =(F6/E6-1)*100 -> 28.148823 | G7: =(G6/F6-1)*100 -> 71.752879 | H7: =(H6/G6-1)*100 -> 20.780539
A8: Pelawat domestik ('000) Domestic visitor ('000) | B8: ='[13]J1'!$J99 -> 2087.3724 | C8: ='[13]J1'!$J89 -> 1193.108 | D8: ='[13]J1'!$J79 -> 406.796 | E8: ='[13]J1'!$J69 -> 1669.175 | F8: ='[13]J1'!$J59 -> 1950.771 | G8: ='[13]J1'!$J49 -> 3225.428 | H8: ='[13]J1'!$J39 -> 3755.682 | J8: ='[13]J1'!$J109 -> 2155.5079
A9: Kadar pertumbuhan tahunan (%) Annual growth rate (%) | B9: =(B8/J8-1)*100 -> -3.1609932 | C9: =(C8/B8-1)*100 -> -42.841633 | D9: =(D8/C8-1)*100 -> -65.904512 | E9: =(E8/D8-1)*100 -> 310.32237 | F9: =(F8/E8-1)*100 -> 16.87037 | G9: =(G8/F8-1)*100 -> 65.341191 | H9: =(H8/G8-1)*100 -> 16.439803
A10: Perjalanan pelancongan ('000) Tourism trip ('000) | B10: ='[13]J1'!$J100 -> 2695.001 | C10: ='[13]J1'!$J90 -> 1246.963 | D10: ='[13]J1'!$J80 -> 426.818 | E10: ='[13]J1'!$J70 -> 1799.569 | F10: ='[13]J1'!$J60 -> 2139.229 | G10: ='[13]J1'!$J50 -> 3660.074 | H10: ='[13]J1'!$J40 -> 4335.2401 | J10: ='[13]J1'!$J110 -> 2816.3983
A11: Kadar pertumbuhan tahunan (%) Annual growth rate (%) | B11: =(B10/J10-1)*100 -> -4.3103728 | C11: =(C10/B10-1)*100 -> -53.730519 | D11: =(D10/C10-1)*100 -> -65.771398 | E11: =(E10/D10-1)*100 -> 321.62444 | F11: =(F10/E10-1)*100 -> 18.874519 | G11: =(G10/F10-1)*100 -> 71.093137 | H11: =(H10/G10-1)*100 -> 18.446789
A12: Purata terimaan per kapita (RM) Average receipts per capita (RM) | B12: ='[13]J1'!$J101 -> 277.28905 | C12: ='[13]J1'!$J91 -> 187.80052 | D12: ='[13]J1'!$J81 -> 191.77499 | E12: ='[13]J1'!$J71 -> 272.96047 | F12: ='[13]J1'!$J61 -> 299.30223 | G12: ='[13]J1'!$J51 -> 310.90873 | H12: ='[13]J1'!$J41 -> 322.49904 | J12: ='[13]J1'!$J111 -> 286.12743
A13: Kadar pertumbuhan tahunan (%) Annual growth rate (%) | B13: =(B12/J12-1)*100 -> -3.0889637 | C13: =(C12/B12-1)*100 -> -32.272652 | D13: =(D12/C12-1)*100 -> 2.1163212 | E13: =(E12/D12-1)*100 -> 42.333718 | F13: =(F12/E12-1)*100 -> 9.6503954 | G13: =(G12/F12-1)*100 -> 3.877853 | H13: =(H12/G12-1)*100 -> 3.72788
A14: Purata terimaan per perjalanan (RM) Average receipts per trip (RM) | B14: ='[13]J1'!$J102 -> 214.77006 | C14: ='[13]J1'!$J92 -> 179.68962 | D14: ='[13]J1'!$J82 -> 182.77884 | E14: ='[13]J1'!$J72 -> 253.18217 | F14: ='[13]J1'!$J62 -> 272.93483 | G14: ='[13]J1'!$J52 -> 273.98728 | H14: ='[13]J1'!$J42 -> 279.38564 | J14: ='[13]J1'!$J112 -> 218.98534
A15: Kadar pertumbuhan tahunan (%) Annual growth rate (%) | B15: =(B14/J14-1)*100 -> -1.9249131 | C15: =(C14/B14-1)*100 -> -16.333952 | D15: =(D14/C14-1)*100 -> 1.7191957 | E15: =(E14/D14-1)*100 -> 38.518319 | F15: =(F14/E14-1)*100 -> 7.801759 | G15: =(G14/F14-1)*100 -> 0.38560417 | H15: =(H14/G14-1)*100 -> 1.9702943
A16: Purata bilangan hari menginap Average length of stay | B16: ='[13]J1'!$J103 -> 2.5534209 | C16: ='[13]J1'!$J93 -> 2.4461569 | D16: ='[13]J1'!$J83 -> 2.209141 | E16: ='[13]J1'!$J73 -> 2.3466673 | F16: ='[13]J1'!$J63 -> 2.2064147 | G16: ='[13]J1'!$J53 -> 2.4866384 | H16: ='[13]J1'!$J43 -> 2.2467827 | J16: ='[13]J1'!$J113 -> 2.3201769
A17: Kadar pertumbuhan tahunan (%) Annual growth rate (%) | B17: =(B16/J16-1)*100 -> 10.052851 | C17: =(C16/B16-1)*100 -> -4.2007931 | D17: =(D16/C16-1)*100 -> -9.6893177 | E17: =(E16/D16-1)*100 -> 6.2253279 | F17: =(F16/E16-1)*100 -> -5.9766727 | G17: =(G16/F16-1)*100 -> 12.700411 | H17: =(H16/G16-1)*100 -> -9.6457822

Sheet Jadual 2 & 3
A1: =Tajuk!B3 -> Jadual 2: Pelawat domestik mengikut jenis pelawat ke Perlis, 2024 dan 2025
A2: =Tajuk!B4 -> Table 2: Domestic visitors by type of visitors to Perlis, 2024 and 2025
A4: Jenis pelawat Type of visitor | B4: =Master!A1 -> 2024 | D4: =Master!A2 -> 2025 | F4: Kadar pertumbuhan tahunan Annual growth rate (%)
B5: Peratus sumbangan Percentage share (%) | C5: ('000) | D5: Peratus sumbangan Percentage share (%) | E5: ('000)
A7: Pelawat domestik Domestic visitor | B7: =SUM(B8:B9) -> 100 | C7: =SUM(C8:C9) -> 3225.428 | D7: =SUM(D8:D9) -> 100 | E7: =SUM(E8:E9) -> 3755.682 | F7: =(E7/C7-1)*100 -> 16.439803 | H7: ='Jadual 1'!G8 -> 3225.428 | I7: ='Jadual 1'!H8 -> 3755.682 | K7: =(E7/C7-1)*100 -> 16.439803
A8: Pelawat harian Excursionist | B8: =C8/C$7*100 -> 60.872201 | C8: ='[13]J2&3'!$J61 -> 1963.389 | D8: =E8/E$7*100 -> 60.727878 | E8: ='[13]J2&3'!$J51 -> 2280.746 | F8: =(E8/C8-1)*100 -> 16.163735 | K8: =(E8/C8-1)*100 -> 16.163735
A9: Pelancong Tourist | B9: =C9/C$7*100 -> 39.127799 | C9: ='[13]J2&3'!$J62 -> 1262.039 | D9: =E9/E$7*100 -> 39.272122 | E9: ='[13]J2&3'!$J52 -> 1474.936 | F9: =(E9/C9-1)*100 -> 16.869289 | K9: =(E9/C9-1)*100 -> 16.869289
A14: =Tajuk!B5 -> Jadual 3: Perjalanan pelancongan domestik ke Perlis, 2024 dan 2025
A15: =Tajuk!B6 -> Table 3: Domestic tourism trips to Perlis, 2024 and 2025
A17: Perjalanan pelancongan domestik Domestic tourism trip | B17: =Master!A1 -> 2024 | D17: =Master!A2 -> 2025 | F17: Kadar pertumbuhan tahunan Annual growth rate (%)
B18: Peratus sumbangan Percentage share (%) | C18: ('000) | D18: Peratus sumbangan Percentage share (%) | E18: ('000)
A20: Perjalanan pelancongan Tourism trip | B20: 100 | C20: =SUM(C21:C22) -> 3660.074 | D20: 100 | E20: =SUM(E21:E22) -> 4335.2401 | F20: =(E20/C20-1)*100 -> 18.446789 | H20: ='Jadual 1'!G10 -> 3660.074 | I20: ='Jadual 1'!H10 -> 4335.2401 | K20: =(E20/C20-1)*100 -> 18.446789
A21: Perjalanan harian Same day trip | B21: =C21/C$20*100 -> 64.223865 | C21: ='[13]J2&3'!$J64 -> 2350.641 | D21: =E21/E$20*100 -> 63.575982 | E21: ='[13]J2&3'!$J54 -> 2756.1715 | F21: =(E21/C21-1)*100 -> 17.25191 | K21: =(E21/C21-1)*100 -> 17.25191
A22: Perjalanan bermalam Overnight trip | B22: =C22/C$20*100 -> 35.776135 | C22: ='[13]J2&3'!$J65 -> 1309.433 | D22: =E22/E$20*100 -> 36.424018 | E22: ='[13]J2&3'!$J55 -> 1579.0686 | F22: =(E22/C22-1)*100 -> 20.591786 | K22: =(E22/C22-1)*100 -> 20.591786
C26: =C20/C7 -> 1.1347561 | E26: =E20/E7 -> 1.154315
E27: =(E26/C26-1)*100 -> 1.7236252

Sheet Jadual 4-6
A1: =Tajuk!B7 -> Jadual 4: Terimaan pelancongan domestik mengikut jenis perjalanan di Perlis, 2024 dan 2025
A2: =Tajuk!B8 -> Table 4: Domestic tourism receipts by type of trip in Perlis, 2024 and 2025
A4: Terimaan Receipts | D4: =Master!A1 -> 2024 | F4: =Master!A2 -> 2025 | H4: Kadar pertumbuhan tahunan Annual growth rate (%)
D5: Peratus sumbangan Percentage share (%) | E5: (RM juta/ million) | F5: Peratus sumbangan Percentage share (%) | G5: (RM juta/ million)
A7: Terimaan pelancongan/ Tourism receipts | D7: 100 | E7: =SUM(E8:E9) -> 1002.8137 | F7: 100 | G7: =SUM(G8:G9) -> 1211.2038 | H7: =(G7/E7-1)*100 -> 20.780539 | J7: ='Jadual 1'!G6 -> 1002.8137 | K7: ='Jadual 1'!H6 -> 1211.2038 | M7: =(G7/E7-1)*100 -> 20.780539
B8: Terimaan harian/ Same day receipts | D8: =E8/E$7*100 -> 33.709309 | E8: ='[13]J4-6'!$J91 -> 338.04158 | F8: =G8/G$7*100 -> 34.248204 | G8: ='[13]J4-6'!$J71 -> 414.81556 | H8: =(G8/E8-1)*100 -> 22.711403 | M8: =(G8/E8-1)*100 -> 22.711403
B9: Terimaan bermalam/ Overnight receipts | D9: =E9/E$7*100 -> 66.290691 | E9: ='[13]J4-6'!$J92 -> 664.77215 | F9: =G9/G$7*100 -> 65.751796 | G9: ='[13]J4-6'!$J72 -> 796.38827 | H9: =(G9/E9-1)*100 -> 19.79868 | M9: =(G9/E9-1)*100 -> 19.79868
E11: (RM) | G11: (RM)
A12: Jumlah/ Total
B13: Purata terimaan harian per perjalanan Average same day receipts per trip | E13: =E8*1000/(E25+E28) -> 143.80825 | G13: =G8*1000/(G25+G28) -> 150.50426 | J13: =E8*1000/'Jadual 2 & 3'!C21 -> 143.80825 | K13: =G8*1000/'Jadual 2 & 3'!E21 -> 150.50426
B14: Purata terimaan bermalam per perjalanan Average overnight receipts per trip | E14: =E9*1000/(E26+E29) -> 507.6794 | G14: =G9*1000/(G26+G29) -> 504.3405 | J14: =E9*1000/'Jadual 2 & 3'!C22 -> 507.6794 | K14: =G9*1000/'Jadual 2 & 3'!E22 -> 504.3405
A17: =Tajuk!B9 -> Jadual 5: Perjalanan pelancongan domestik mengikut jenis perjalanan ke Perlis, 2024 dan 2025
A18: =Tajuk!B10 -> Table 5: Domestic tourism trips by type of trip to Perlis, 2024 and 2025
A20: Jenis perjalanan Type of trip | E20: =Master!A1 -> 2024 | G20: =Master!A2 -> 2025
E21: ('000)
A23: Perjalanan pelancongan/ Tourism trip | E23: =E24+E27 -> 3660.074 | G23: =G24+G27 -> 4335.2401 | J23: ='Jadual 1'!G10 -> 3660.074 | K23: ='Jadual 1'!H10 -> 4335.2401
B24: Individu/ Individual | E24: =SUM(E25:F26) -> 183.258 | G24: =SUM(G25:H26) -> 1213.274 | J24: ='[13]J4-6'!$J93 -> 183.258 | K24: ='[13]J4-6'!$J73 -> 1213.274
C25: Perjalanan harian/ Same day trip | E25: ='[13]J4-6'!$J94 -> 70.492 | G25: ='[13]J4-6'!$J74 -> 957.918
C26: Perjalanan bermalam/ Overnight trip | E26: ='[13]J4-6'!$J95 -> 112.766 | G26: ='[13]J4-6'!$J75 -> 255.356
B27: Bersama keluarga/ With family | E27: =SUM(E28:F29) -> 3476.816 | G27: =SUM(G28:H29) -> 3121.9661 | J27: ='[13]J4-6'!$J96 -> 3476.816 | K27: ='[13]J4-6'!$J76 -> 3121.9661
C28: Perjalanan harian/ Same day trip | E28: ='[13]J4-6'!$J97 -> 2280.149 | G28: ='[13]J4-6'!$J77 -> 1798.2535
C29: Perjalanan bermalam/ Overnight trip | E29: ='[13]J4-6'!$J98 -> 1196.667 | G29: ='[13]J4-6'!$J78 -> 1323.7126
A32: =Tajuk!B11 -> Jadual 6: Purata bilangan hari menginap bagi pelancong ke Perlis, 2024 dan 2025
A33: =Tajuk!B12 -> Table 6: Average length of stay of tourists to Perlis, 2024 and 2025
E35: =Master!A1 -> 2024 | G35: =Master!A2 -> 2025
A37: Purata bilangan hari menginap Average length of stay | E37: =E39/E41 -> 2.4866384 | G37: =G39/G41 -> 2.2467827 | J37: ='Jadual 1'!G16 -> 2.4866384 | K37: ='Jadual 1'!H16 -> 2.2467827
A39: Bilangan malam (’000) No. of nights ('000) | E39: ='[13]J4-6'!$J101 -> 3256.0864 | G39: ='[13]J4-6'!$J81 -> 3547.824
A41: Perjalanan bermalam (’000) Overnight trip ('000) | E41: =E26+E29 -> 1309.433 | G41: =G26+G29 -> 1579.0686 | J41: ='[13]J4-6'!$J100 -> 1309.433 | K41: ='[13]J4-6'!$J80 -> 1579.0686

Sheet Jadual 7
A1: =Tajuk!B13 -> Jadual 7: Terimaan pelancongan daripada pelawat domestik ke Perlis mengikut komponen, 2024 dan 2025
A2: =Tajuk!B14 -> Table 7: Tourism receipts from domestic visitors to Perlis by component, 2024 and 2025
A4: Komponen Component | B4: =Master!A1 -> 2024 | C4: =Master!A2 -> 2025 | D4: =Master!A1 -> 2024 | E4: =Master!A2 -> 2025
B5: Jumlah terimaan Total receipts (RM '000) | D5: Peratus sumbangan Percentage share (%)
L6: 2 | M6: 4 | N6: 3
A7: A. Perbelanjaan oleh pelawat Expenditure by visitors | B7: =SUM(B8:B14) -> 880942.32 | C7: =SUM(C8:C14) -> 1081953.3 | D7: =B7/B$16*100 -> 87.847054 | E7: =C7/C$16*100 -> 89.328758 | M7: 2024 | N7: 2022
A8: Membeli-belah Shopping | B8: ='[13]J7'!$J61 -> 288897.33 | C8: ='[13]J7'!$J41 -> 327518.7 | D8: =B8/B$16*100 -> 28.808673 | E8: =C8/C$16*100 -> 27.040758 | G8: =RANK(C8,$C$8:$C$15) -> 1 | H8: Membeli-belah | I8: =D8 -> 28.808673 | J8: =E8 -> 27.040758 | K8: 1 | L8: =VLOOKUP($K8,$G$8:$J$15,L$6,0) -> Membeli-belah | M8: =VLOOKUP($K8,$G$8:$J$15,M$6,0) -> 27.040758 | N8: =VLOOKUP($K8,$G$8:$J$15,N$6,0) -> 28.808673
A9: Pembelian bahan api kenderaan Purchase of automotive fuel | B9: ='[13]J7'!$J62 -> 162107.57 | C9: ='[13]J7'!$J42 -> 213862.98 | D9: =B9/B$16*100 -> 16.165272 | E9: =C9/C$16*100 -> 17.657059 | G9: =RANK(C9,$C$8:$C$15) -> 3 | H9: Pembelian bahan api kenderaan | I9: =D9 -> 16.165272 | J9: =E9 -> 17.657059 | K9: 2 | L9: =VLOOKUP($K9,$G$8:$J$15,L$6,0) -> Makanan & minuman | M9: =VLOOKUP($K9,$G$8:$J$15,M$6,0) -> 20.34712 | N9: =VLOOKUP($K9,$G$8:$J$15,N$6,0) -> 19.149358
A10: Pengangkutan Transportation | B10: ='[13]J7'!$J63 -> 76211.538 | C10: ='[13]J7'!$J43 -> 101611.08 | D10: =B10/B$16*100 -> 7.5997701 | E10: =C10/C$16*100 -> 8.3892633 | G10: =RANK(C10,$C$8:$C$15) -> 6 | H10: Pengangkutan | I10: =D10 -> 7.5997701 | J10: =E10 -> 8.3892633 | K10: 3 | L10: =VLOOKUP($K10,$G$8:$J$15,L$6,0) -> Pembelian bahan api kenderaan | M10: =VLOOKUP($K10,$G$8:$J$15,M$6,0) -> 17.657059 | N10: =VLOOKUP($K10,$G$8:$J$15,N$6,0) -> 16.165272
A11: Makanan & minuman Food & beverage | B11: ='[13]J7'!$J64 -> 192032.4 | C11: ='[13]J7'!$J44 -> 246445.1 | D11: =B11/B$16*100 -> 19.149358 | E11: =C11/C$16*100 -> 20.34712 | G11: =RANK(C11,$C$8:$C$15) -> 2 | H11: Makanan & minuman | I11: =D11 -> 19.149358 | J11: =E11 -> 20.34712 | K11: 4 | L11: =VLOOKUP($K11,$G$8:$J$15,L$6,0) -> Perbelanjaan oleh isi rumah yang dilawati | M11: =VLOOKUP($K11,$G$8:$J$15,M$6,0) -> 10.671242 | N11: =VLOOKUP($K11,$G$8:$J$15,N$6,0) -> 12.152946
A12: Penginapan Accommodation | B12: ='[13]J7'!$J65 -> 98789.06 | C12: ='[13]J7'!$J45 -> 118121.19 | D12: =B12/B$16*100 -> 9.8511875 | E12: =C12/C$16*100 -> 9.7523794 | G12: =RANK(C12,$C$8:$C$15) -> 5 | H12: Penginapan | I12: =D12 -> 9.8511875 | J12: =E12 -> 9.7523794 | K12: 5 | L12: =VLOOKUP($K12,$G$8:$J$15,L$6,0) -> Penginapan | M12: =VLOOKUP($K12,$G$8:$J$15,M$6,0) -> 9.7523794 | N12: =VLOOKUP($K12,$G$8:$J$15,N$6,0) -> 9.8511875
A13: Perbelanjaan sebelum perjalanan/ pakej/ bayaran masuk/ tiket Expenditure before the trip/ package/ entrance fees/ tickets | B13: ='[13]J7'!$J66 -> 27210.894 | C13: ='[13]J7'!$J46 -> 35913.388 | D13: =B13/B$16*100 -> 2.7134544 | E13: =C13/C$16*100 -> 2.9650986 | G13: =RANK(C13,$C$8:$C$15) -> 8 | H13: Perbelanjaan sebelum perjalanan/ pakej/ bayaran masuk/ tiket | I13: =D13 -> 2.7134544 | J13: =E13 -> 2.9650986 | K13: 6 | L13: =VLOOKUP($K13,$G$8:$J$15,L$6,0) -> Pengangkutan | M13: =VLOOKUP($K13,$G$8:$J$15,M$6,0) -> 8.3892633 | N13: =VLOOKUP($K13,$G$8:$J$15,N$6,0) -> 7.5997701
A14: Aktiviti-aktiviti lain Other activities | B14: ='[13]J7'!$J67 -> 35693.534 | C14: ='[13]J7'!$J47 -> 38480.904 | D14: =B14/B$16*100 -> 3.5593384 | E14: =C14/C$16*100 -> 3.1770792 | G14: =RANK(C14,$C$8:$C$15) -> 7 | H14: Aktiviti-aktiviti lain | I14: =D14 -> 3.5593384 | J14: =E14 -> 3.1770792 | K14: 7 | L14: =VLOOKUP($K14,$G$8:$J$15,L$6,0) -> Aktiviti-aktiviti lain | M14: =VLOOKUP($K14,$G$8:$J$15,M$6,0) -> 3.1770792 | N14: =VLOOKUP($K14,$G$8:$J$15,N$6,0) -> 3.5593384
A15: B. Perbelanjaan oleh isi rumah yang dilawati Expenditure by visited households | B15: ='[13]J7'!$J68 -> 121871.41 | C15: ='[13]J7'!$J48 -> 129250.49 | D15: =B15/B$16*100 -> 12.152946 | E15: =C15/C$16*100 -> 10.671242 | G15: =RANK(C15,$C$8:$C$15) -> 4 | H15: Perbelanjaan oleh isi rumah yang dilawati | I15: =D15 -> 12.152946 | J15: =E15 -> 10.671242 | K15: 8 | L15: =VLOOKUP($K15,$G$8:$J$15,L$6,0) -> Perbelanjaan sebelum perjalanan/ pakej/ bayaran masuk/ tiket | M15: =VLOOKUP($K15,$G$8:$J$15,M$6,0) -> 2.9650986 | N15: =VLOOKUP($K15,$G$8:$J$15,N$6,0) -> 2.7134544
A16: Terimaan pelancongan (A+B) Tourism receipts (A+B) | B16: =B7+B15 -> 1002813.7 | C16: =C7+C15 -> 1211203.8 | D16: =D15+D7 -> 100 | E16: =E15+E7 -> 100 | F16: ='Jadual 1'!G6*1000 -> 1002813.7 | G16: ='Jadual 1'!H6*1000 -> 1211203.8

Sheet Jadual 8
A1: =Tajuk!B15 -> Jadual 8: Perjalanan pelancongan domestik ke Perlis mengikut tujuan utama, 2025
A2: =Tajuk!B16 -> Table 8: Domestic tourism trips to Perlis by main purposes of visit, 2025
B4: Pelawat domestik Domestic visitors | C4: Peratus sumbangan Percentage share (%) | E4: Pelancong Tourists | F4: Peratus sumbangan Percentage share (%)
B7: Melawat saudara-mara & rakan Visiting relatives & friends | C7: =IF('[13]T8'!$J13=0,"-",'[13]T8'!$J13) -> 42.69 | E7: Melawat saudara-mara & rakan Visiting relatives & friends | F7: =IF('[13]T8'!$J63=0,"-",'[13]T8'!$J63) -> 52
B8: Membeli-belah Shopping | C8: =IF('[13]T8'!$J14=0,"-",'[13]T8'!$J14) -> 22.57 | E8: Percutian/ mengisi masa lapang/ berehat Holiday/ leisure/ relaxation | F8: =IF('[13]T8'!$J64=0,"-",'[13]T8'!$J64) -> 35.04
B9: Percutian/ mengisi masa lapang/ berehat Holiday/ leisure/ relaxation | C9: =IF('[13]T8'!$J15=0,"-",'[13]T8'!$J15) -> 15.24 | E9: Rawatan perubatan/ penjagaan diri Medical treatment/ wellness | F9: =IF('[13]T8'!$J65=0,"-",'[13]T8'!$J65) -> 3.77
B10: Perjalanan insentif/ lain-lain Incentive travel/ others | C10: =IF('[13]T8'!$J16=0,"-",'[13]T8'!$J16) -> 8.02 | E10: Hiburan/ menghadiri acara khas/ sukan Entertainment/ attending special event/ sports | F10: =IF('[13]T8'!$J66=0,"-",'[13]T8'!$J66) -> 3.44
B11: Hiburan/ menghadiri acara khas/ sukan Entertainment/ attending special event/ sports | C11: =IF('[13]T8'!$J17=0,"-",'[13]T8'!$J17) -> 5.67 | E11: Perjalanan insentif/ lain-lain Incentive travel/ others | F11: =IF('[13]T8'!$J67=0,"-",'[13]T8'!$J67) -> 2.65
B12: Rawatan perubatan/ penjagaan diri Medical treatment/ wellness | C12: =IF('[13]T8'!$J18=0,"-",'[13]T8'!$J18) -> 3.36 | E12: Urusan rasmi/ perniagaan/ pendidikan Official business/ business/ education | F12: =IF('[13]T8'!$J68=0,"-",'[13]T8'!$J68) -> 2.36
B13: Urusan rasmi/ perniagaan/ pendidikan Official business/ business/ education | C13: =IF('[13]T8'!$J19=0,"-",'[13]T8'!$J19) -> 1.72 | E13: Membeli-belah Shopping | F13: =IF('[13]T8'!$J69=0,"-",'[13]T8'!$J69) -> 0.62
B14: Amal ibadat/ melawat rumah ibadat Religious worship/ visit places of worship | C14: =IF('[13]T8'!$J20=0,"-",'[13]T8'!$J20) -> 0.73 | E14: Amal ibadat/ melawat rumah ibadat Religious worship/ visit places of worship | F14: =IF('[13]T8'!$J70=0,"-",'[13]T8'!$J70) -> 0.12
B17: Jumlah Total | C17: =SUM(C7:C14) -> 100 | F17: =SUM(F7:F14) -> 100

Sheet Jadual 9
A1: 34 | C1: =Tajuk!B17 -> Jadual 9: Lima destinasi tumpuan pelawat domestik dan pelancong ke Perlis, 2024 dan 2025
C2: =Tajuk!B18 -> Table 9: Top five destinations most visited by domestic visitors and tourists to Perlis, 2024 and 2025
C4: Pelawat domestik Domestic visitors | E4: Pelancong Tourists
C5: =Master!A1 -> 2024 | D5: =Master!A2 -> 2025 | E5: =Master!A1 -> 2024 | F5: =Master!A2 -> 2025
C7: ='[13]T9'!$J21 -> Arked Niaga Padang Besar | D7: ='[13]T9'!$J31 -> Arked Niaga Padang Besar | E7: ='[13]T9'!$J41 -> Arked Niaga Padang Besar | F7: ='[13]T9'!$J51 -> Arked Niaga Padang Besar
C8: ='[13]T9'!$J22 -> Medan Ikan Bakar Kuala Perlis | D8: ='[13]T9'!$J32 -> Wang Kelian View Point | E8: ='[13]T9'!$J42 -> Tasik Timah Tasoh | F8: ='[13]T9'!$J52 -> Padang Waremart
C9: ='[13]T9'!$J23 -> Padang Waremart | D9: ='[13]T9'!$J33 -> Taman Eko-Rimba Bukit Ayer | E9: ='[13]T9'!$J43 -> Ladang Nipah Kipli | F9: ='[13]T9'!$J53 -> Nat Pokok Getah
C10: ='[13]T9'!$J24 -> Hutan Lipur Bukit Ayer | D10: ='[13]T9'!$J34 -> Padang Waremart | E10: ='[13]T9'!$J44 -> Padang Waremart | F10: ='[13]T9'!$J54 -> Kampung Wai Kuala Perlis
C11: ='[13]T9'!$J25 -> Menara Pandang Wang Kelian | D11: ='[13]T9'!$J35 -> Medan Ikan Bakar Kuala Perlis | E11: ='[13]T9'!$J45 -> Menara Pandang Wang Kelian | F11: ='[13]T9'!$J55 -> Wang Kelian View Point

Sheet Jadual 10
C1: =Tajuk!B19 -> Jadual 10: Pelancong mengikut negeri dikunjungi, 2025
C2: =Tajuk!B20 -> Table 10: Tourists by state visited, 2025
A4: 35 | C4: ('000)
C5: Negeri asal State of origin | D5: Negeri dikunjungi/ State visited
D7: Malaysia | E7: Johor | F7: Kedah | G7: Kelantan | H7: Melaka | I7: Negeri Sembilan | J7: Pahang | K7: Pulau Pinang | L7: Perak | M7: Perlis | N7: Selangor | O7: Terengganu | P7: Sabah | Q7: Sarawak | R7: W.P. Kuala Lumpur | S7: W.P. Labuan | T7: W.P. Putrajaya
C8: Malaysia | D8: 106525.31 | E8: 9821.9 | F8: 7124.845 | G8: 6512.13 | H8: 7178.6905 | I8: 6547.023 | J8: 11045.98 | K8: 5629.544 | L8: 10413.82 | M8: 1474.936 | N8: 10595.556 | O8: 5239.642 | P8: 7359.889 | Q8: 6329.894 | R8: 10078.573 | S8: 266.785 | T8: 906.098
C9: Johor | D9: 11017.07 | E9: 3422.224 | F9: 740.539 | G9: 576.493 | H9: 1344.569 | I9: 1671.469 | J9: 981.156 | K9: 106.412 | L9: 173.172 | M9: 50.178 | N9: 629.355 | O9: 286.182 | P9: 112.834 | Q9: 348.024 | R9: 494.101 | S9: 3.471 | T9: 76.891
C10: Kedah | D10: 5289.105 | E10: 114.898 | F10: 1234.006 | G10: 285.999 | H10: 259.897 | I10: 112.4 | J10: 282.067 | K10: 431.179 | L10: 698.16 | M10: 160.158 | N10: 329.094 | O10: 341.083 | P10: 128.284 | Q10: 85.125 | R10: 734.346 | S10: 7.389 | T10: 85.02
C11: Kelantan | D11: 3869.563 | E11: 103.148 | F11: 101.463 | G11: 912.3 | H11: 181.902 | I11: 66.973 | J11: 212.844 | K11: 93.324 | L11: 132.166 | M11: 12.1 | N11: 690.727 | O11: 752.094 | P11: 80.149 | Q11: 126.632 | R11: 297.176 | S11: 2.559 | T11: 104.006
C12: Melaka | D12: 3457.435 | E12: 685.258 | F12: 120.369 | G12: 59.714 | H12: 149.224 | I12: 280.267 | J12: 469.616 | K12: 99.282 | L12: 288.792 | M12: 57.367 | N12: 348.921 | O12: 286.532 | P12: 7.035 | Q12: 55.149 | R12: 463.246 | S12: 26.775 | T12: 59.888
C13: Negeri Sembilan | D13: 3783.974 | E13: 467.594 | F13: 112.049 | G13: 203.938 | H13: 377.289 | I13: 460.839 | J13: 444.428 | K13: 65.536 | L13: 275.019 | M13: 18.698 | N13: 448.828 | O13: 190.562 | P13: 78.882 | Q13: 87.136 | R13: 442.738 | S13: 47.15 | T13: 63.288
C14: Pahang | D14: 8438.591 | E14: 585.252 | F14: 193.689 | G14: 655.129 | H14: 305.141 | I14: 287.89 | J14: 2599.801 | K14: 241.717 | L14: 701.131 | M14: 60.726 | N14: 930.401 | O14: 903.281 | P14: 7.808 | Q14: 63.906 | R14: 824.776 | S14: 22.741 | T14: 55.202
C15: Pulau Pinang | D15: 5241.365 | E15: 123.784 | F15: 952.233 | G15: 227.934 | H15: 74.643 | I15: 56.642 | J15: 537.067 | K15: 323.086 | L15: 893.223 | M15: 285.678 | N15: 459.411 | O15: 140.537 | P15: 243.929 | Q15: 134.36 | R15: 746.837 | S15: 1.795 | T15: 40.206
C16: Perak | D16: 9810.168 | E16: 492.392 | F16: 622.506 | G16: 473.886 | H16: 448.906 | I16: 266.798 | J16: 648.824 | K16: 836.185 | L16: 1591.314 | M16: 190.379 | N16: 1716.467 | O16: 361.679 | P16: 144.916 | Q16: 143.923 | R16: 1771.244 | S16: 3.518 | T16: 97.231
C17: Perlis | D17: 1261.103 | E17: 40.988 | F17: 279.678 | G17: 85.72 | H17: 92.885 | I17: 64.994 | J17: 78.512 | K17: 177.172 | L17: 196.268 | M17: 25.916 | N17: 82.253 | O17: 33.064 | P17: 4.048 | Q17: 1.2 | R17: 79.659 | S17: 6.994 | T17: 11.752
C18: Selangor | D18: 24147.398 | E18: 1995.977 | F18: 1676.138 | G18: 1506.201 | H18: 2725.941 | I18: 1980.107 | J18: 2517.5635 | K18: 2362.7 | L18: 3116.563 | M18: 480.281 | N18: 2428.953 | O18: 762.677 | P18: 531.665 | Q18: 125.515 | R18: 1819.35 | S18: 46.372 | T18: 71.394
C19: Terengganu | D19: 3105.591 | E19: 106.704 | F19: 83.693 | G19: 520.817 | H19: 115.592 | I19: 105.86 | J19: 373.96 | K19: 126.461 | L19: 151.705 | M19: 5.675 | N19: 248.322 | O19: 687.421 | P19: 6.117 | Q19: 64.251 | R19: 419.675 | S19: 4.999 | T19: 84.339
... C24: W.P. Putrajaya | D24: 471.116 | E24: 90.693 | F24: 35.052 | G24: 71.385 | H24: 19.15 | I24: 78.057 | J24: 38.547 | K24: 4.592 | L24: 46.413 | M24: 5.634 | N24: 29.555 | O24: 14.576 | P24: 1.533 | Q24: 3.212 | R24: 27.634 | S24: 2.292 | T24: 2.791
C26: =Master!G1 -> 9 | E26: 1 | F26: 2 | G26: 3 | H26: 4 | I26: 5 | J26: 6 | K26: 7 | L26: 8 | M26: 9 | N26: 10 | O26: 11 | P26: 12 | Q26: 13 | R26: 14 | S26: 15 | T26: 16
C27: =IF(OR(E27<>"",F27<>"",G27<>"",H27<>"",I27<>"",J27<>"",K27<>"",L27<>"",M27<>"",N27<>"",O27<>"",P27<>"",Q27<>"",R27<>"",S27<>"",T27<>""),C9,"") | D27: =U27 | E27: =IF(AND($C$26=E$26,RANK(E9,$E$9:$E$24)<6),RANK(E9,$E$9:$E$24),"") | F27: =IF(AND($C$26=F$26,RANK(F9,$F$9:$F$24)<6),RANK(F9,$F$9:$F$24),"") | G27: =IF(AND($C$26=G$26,RANK(G9,$G$9:$G$24)<6),RANK(G9,$G$9:$G$24),"") | H27: =IF(AND($C$26=H$26,RANK(H9,$H$9:$H$24)<6),RANK(H9,$H$9:$H$24),"") | I27: =IF(AND($C$26=I$26,RANK(I9,$I$9:$I$24)<6),RANK(I9,$I$9:$I$24),"") | J27: =IF(AND($C$26=J$26,RANK(J9,$J$9:$J$24)<6),RANK(J9,$J$9:$J$24),"") | K27: =IF(AND($C$26=K$26,RANK(K9,$K$9:$K$24)<6),RANK(K9,$K$9:$K$24),"") | L27: =IF(AND($C$26=L$26,RANK(L9,$L$9:$L$24)<6),RANK(L9,$L$9:$L$24),"") | M27: =IF(AND($C$26=M$26,RANK(M9,$M$9:$M$24)<6),RANK(M9,$M$9:$M$24),"") | N27: =IF(AND($C$26=N$26,RANK(N9,$N$9:$N$24)<6),RANK(N9,$N$9:$N$24),"") | O27: =IF(AND($C$26=O$26,RANK(O9,$O$9:$O$24)<6),RANK(O9,$O$9:$O$24),"") | P27: =IF(AND($C$26=P$26,RANK(P9,$P$9:$P$24)<6),RANK(P9,$P$9:$P$24),"") | Q27: =IF(AND($C$26=Q$26,RANK(Q9,$Q$9:$Q$24)<6),RANK(Q9,$Q$9:$Q$24),"") | R27: =IF(AND($C$26=R$26,RANK(R9,$R$9:$R$24)<6),RANK(R9,$R$9:$R$24),"") | S27: =IF(AND($C$26=S$26,RANK(S9,$S$9:$S$24)<6),RANK(S9,$S$9:$S$24),"") | T27: =IF(AND($C$26=T$26,RANK(T9,$T$9:$T$24)<6),RANK(T9,$T$9:$T$24),"") | U27: =IFERROR(VLOOKUP($C27,$C$9:$T$24,C$26+2,0),"") | V27: =IF(C27<>"",U27/$E$8*100,"")
C28: =IF(OR(E28<>"",F28<>"",G28<>"",H28<>"",I28<>"",J28<>"",K28<>"",L28<>"",M28<>"",N28<>"",O28<>"",P28<>"",Q28<>"",R28<>"",S28<>"",T28<>""),C10,"") -> Kedah | D28: =U28 -> 160.158 | E28: =IF(AND($C$26=E$26,RANK(E10,$E$9:$E$24)<6),RANK(E10,$E$9:$E$24),"") | F28: =IF(AND($C$26=F$26,RANK(F10,$F$9:$F$24)<6),RANK(F10,$F$9:$F$24),"") | G28: =IF(AND($C$26=G$26,RANK(G10,$G$9:$G$24)<6),RANK(G10,$G$9:$G$24),"") | H28: =IF(AND($C$26=H$26,RANK(H10,$H$9:$H$24)<6),RANK(H10,$H$9:$H$24),"") | I28: =IF(AND($C$26=I$26,RANK(I10,$I$9:$I$24)<6),RANK(I10,$I$9:$I$24),"") | J28: =IF(AND($C$26=J$26,RANK(J10,$J$9:$J$24)<6),RANK(J10,$J$9:$J$24),"") | K28: =IF(AND($C$26=K$26,RANK(K10,$K$9:$K$24)<6),RANK(K10,$K$9:$K$24),"") | L28: =IF(AND($C$26=L$26,RANK(L10,$L$9:$L$24)<6),RANK(L10,$L$9:$L$24),"") | M28: =IF(AND($C$26=M$26,RANK(M10,$M$9:$M$24)<6),RANK(M10,$M$9:$M$24),"") -> 4 | N28: =IF(AND($C$26=N$26,RANK(N10,$N$9:$N$24)<6),RANK(N10,$N$9:$N$24),"") | O28: =IF(AND($C$26=O$26,RANK(O10,$O$9:$O$24)<6),RANK(O10,$O$9:$O$24),"") | P28: =IF(AND($C$26=P$26,RANK(P10,$P$9:$P$24)<6),RANK(P10,$P$9:$P$24),"") | Q28: =IF(AND($C$26=Q$26,RANK(Q10,$Q$9:$Q$24)<6),RANK(Q10,$Q$9:$Q$24),"") | R28: =IF(AND($C$26=R$26,RANK(R10,$R$9:$R$24)<6),RANK(R10,$R$9:$R$24),"") | S28: =IF(AND($C$26=S$26,RANK(S10,$S$9:$S$24)<6),RANK(S10,$S$9:$S$24),"") | T28: =IF(AND($C$26=T$26,RANK(T10,$T$9:$T$24)<6),RANK(T10,$T$9:$T$24),"") | U28: =IFERROR(VLOOKUP($C28,$C$9:$T$24,C$26+2,0),"") -> 160.158 | V28: =IF(C28<>"",U28/$E$8*100,"") -> 1.6306214
C29: =IF(OR(E29<>"",F29<>"",G29<>"",H29<>"",I29<>"",J29<>"",K29<>"",L29<>"",M29<>"",N29<>"",O29<>"",P29<>"",Q29<>"",R29<>"",S29<>"",T29<>""),C11,"") | D29: =U29 | E29: =IF(AND($C$26=E$26,RANK(E11,$E$9:$E$24)<6),RANK(E11,$E$9:$E$24),"") | F29: =IF(AND($C$26=F$26,RANK(F11,$F$9:$F$24)<6),RANK(F11,$F$9:$F$24),"") | G29: =IF(AND($C$26=G$26,RANK(G11,$G$9:$G$24)<6),RANK(G11,$G$9:$G$24),"") | H29: =IF(AND($C$26=H$26,RANK(H11,$H$9:$H$24)<6),RANK(H11,$H$9:$H$24),"") | I29: =IF(AND($C$26=I$26,RANK(I11,$I$9:$I$24)<6),RANK(I11,$I$9:$I$24),"") | J29: =IF(AND($C$26=J$26,RANK(J11,$J$9:$J$24)<6),RANK(J11,$J$9:$J$24),"") | K29: =IF(AND($C$26=K$26,RANK(K11,$K$9:$K$24)<6),RANK(K11,$K$9:$K$24),"") | L29: =IF(AND($C$26=L$26,RANK(L11,$L$9:$L$24)<6),RANK(L11,$L$9:$L$24),"") | M29: =IF(AND($C$26=M$26,RANK(M11,$M$9:$M$24)<6),RANK(M11,$M$9:$M$24),"") | N29: =IF(AND($C$26=N$26,RANK(N11,$N$9:$N$24)<6),RANK(N11,$N$9:$N$24),"") | O29: =IF(AND($C$26=O$26,RANK(O11,$O$9:$O$24)<6),RANK(O11,$O$9:$O$24),"") | P29: =IF(AND($C$26=P$26,RANK(P11,$P$9:$P$24)<6),RANK(P11,$P$9:$P$24),"") | Q29: =IF(AND($C$26=Q$26,RANK(Q11,$Q$9:$Q$24)<6),RANK(Q11,$Q$9:$Q$24),"") | R29: =IF(AND($C$26=R$26,RANK(R11,$R$9:$R$24)<6),RANK(R11,$R$9:$R$24),"") | S29: =IF(AND($C$26=S$26,RANK(S11,$S$9:$S$24)<6),RANK(S11,$S$9:$S$24),"") | T29: =IF(AND($C$26=T$26,RANK(T11,$T$9:$T$24)<6),RANK(T11,$T$9:$T$24),"") | U29: =IFERROR(VLOOKUP($C29,$C$9:$T$24,C$26+2,0),"") | V29: =IF(C29<>"",U29/$E$8*100,"")
C30: =IF(OR(E30<>"",F30<>"",G30<>"",H30<>"",I30<>"",J30<>"",K30<>"",L30<>"",M30<>"",N30<>"",O30<>"",P30<>"",Q30<>"",R30<>"",S30<>"",T30<>""),C12,"") | D30: =U30 | E30: =IF(AND($C$26=E$26,RANK(E12,$E$9:$E$24)<6),RANK(E12,$E$9:$E$24),"") | F30: =IF(AND($C$26=F$26,RANK(F12,$F$9:$F$24)<6),RANK(F12,$F$9:$F$24),"") | G30: =IF(AND($C$26=G$26,RANK(G12,$G$9:$G$24)<6),RANK(G12,$G$9:$G$24),"") | H30: =IF(AND($C$26=H$26,RANK(H12,$H$9:$H$24)<6),RANK(H12,$H$9:$H$24),"") | I30: =IF(AND($C$26=I$26,RANK(I12,$I$9:$I$24)<6),RANK(I12,$I$9:$I$24),"") | J30: =IF(AND($C$26=J$26,RANK(J12,$J$9:$J$24)<6),RANK(J12,$J$9:$J$24),"") | K30: =IF(AND($C$26=K$26,RANK(K12,$K$9:$K$24)<6),RANK(K12,$K$9:$K$24),"") | L30: =IF(AND($C$26=L$26,RANK(L12,$L$9:$L$24)<6),RANK(L12,$L$9:$L$24),"") | M30: =IF(AND($C$26=M$26,RANK(M12,$M$9:$M$24)<6),RANK(M12,$M$9:$M$24),"") | N30: =IF(AND($C$26=N$26,RANK(N12,$N$9:$N$24)<6),RANK(N12,$N$9:$N$24),"") | O30: =IF(AND($C$26=O$26,RANK(O12,$O$9:$O$24)<6),RANK(O12,$O$9:$O$24),"") | P30: =IF(AND($C$26=P$26,RANK(P12,$P$9:$P$24)<6),RANK(P12,$P$9:$P$24),"") | Q30: =IF(AND($C$26=Q$26,RANK(Q12,$Q$9:$Q$24)<6),RANK(Q12,$Q$9:$Q$24),"") | R30: =IF(AND($C$26=R$26,RANK(R12,$R$9:$R$24)<6),RANK(R12,$R$9:$R$24),"") | S30: =IF(AND($C$26=S$26,RANK(S12,$S$9:$S$24)<6),RANK(S12,$S$9:$S$24),"") | T30: =IF(AND($C$26=T$26,RANK(T12,$T$9:$T$24)<6),RANK(T12,$T$9:$T$24),"") | U30: =IFERROR(VLOOKUP($C30,$C$9:$T$24,C$26+2,0),"") | V30: =IF(C30<>"",U30/$E$8*100,"")
C31: =IF(OR(E31<>"",F31<>"",G31<>"",H31<>"",I31<>"",J31<>"",K31<>"",L31<>"",M31<>"",N31<>"",O31<>"",P31<>"",Q31<>"",R31<>"",S31<>"",T31<>""),C13,"") | D31: =U31 | E31: =IF(AND($C$26=E$26,RANK(E13,$E$9:$E$24)<6),RANK(E13,$E$9:$E$24),"") | F31: =IF(AND($C$26=F$26,RANK(F13,$F$9:$F$24)<6),RANK(F13,$F$9:$F$24),"") | G31: =IF(AND($C$26=G$26,RANK(G13,$G$9:$G$24)<6),RANK(G13,$G$9:$G$24),"") | H31: =IF(AND($C$26=H$26,RANK(H13,$H$9:$H$24)<6),RANK(H13,$H$9:$H$24),"") | I31: =IF(AND($C$26=I$26,RANK(I13,$I$9:$I$24)<6),RANK(I13,$I$9:$I$24),"") | J31: =IF(AND($C$26=J$26,RANK(J13,$J$9:$J$24)<6),RANK(J13,$J$9:$J$24),"") | K31: =IF(AND($C$26=K$26,RANK(K13,$K$9:$K$24)<6),RANK(K13,$K$9:$K$24),"") | L31: =IF(AND($C$26=L$26,RANK(L13,$L$9:$L$24)<6),RANK(L13,$L$9:$L$24),"") | M31: =IF(AND($C$26=M$26,RANK(M13,$M$9:$M$24)<6),RANK(M13,$M$9:$M$24),"") | N31: =IF(AND($C$26=N$26,RANK(N13,$N$9:$N$24)<6),RANK(N13,$N$9:$N$24),"") | O31: =IF(AND($C$26=O$26,RANK(O13,$O$9:$O$24)<6),RANK(O13,$O$9:$O$24),"") | P31: =IF(AND($C$26=P$26,RANK(P13,$P$9:$P$24)<6),RANK(P13,$P$9:$P$24),"") | Q31: =IF(AND($C$26=Q$26,RANK(Q13,$Q$9:$Q$24)<6),RANK(Q13,$Q$9:$Q$24),"") | R31: =IF(AND($C$26=R$26,RANK(R13,$R$9:$R$24)<6),RANK(R13,$R$9:$R$24),"") | S31: =IF(AND($C$26=S$26,RANK(S13,$S$9:$S$24)<6),RANK(S13,$S$9:$S$24),"") | T31: =IF(AND($C$26=T$26,RANK(T13,$T$9:$T$24)<6),RANK(T13,$T$9:$T$24),"") | U31: =IFERROR(VLOOKUP($C31,$C$9:$T$24,C$26+2,0),"") | V31: =IF(C31<>"",U31/$E$8*100,"")
C32: =IF(OR(E32<>"",F32<>"",G32<>"",H32<>"",I32<>"",J32<>"",K32<>"",L32<>"",M32<>"",N32<>"",O32<>"",P32<>"",Q32<>"",R32<>"",S32<>"",T32<>""),C14,"") | D32: =U32 | E32: =IF(AND($C$26=E$26,RANK(E14,$E$9:$E$24)<6),RANK(E14,$E$9:$E$24),"") | F32: =IF(AND($C$26=F$26,RANK(F14,$F$9:$F$24)<6),RANK(F14,$F$9:$F$24),"") | G32: =IF(AND($C$26=G$26,RANK(G14,$G$9:$G$24)<6),RANK(G14,$G$9:$G$24),"") | H32: =IF(AND($C$26=H$26,RANK(H14,$H$9:$H$24)<6),RANK(H14,$H$9:$H$24),"") | I32: =IF(AND($C$26=I$26,RANK(I14,$I$9:$I$24)<6),RANK(I14,$I$9:$I$24),"") | J32: =IF(AND($C$26=J$26,RANK(J14,$J$9:$J$24)<6),RANK(J14,$J$9:$J$24),"") | K32: =IF(AND($C$26=K$26,RANK(K14,$K$9:$K$24)<6),RANK(K14,$K$9:$K$24),"") | L32: =IF(AND($C$26=L$26,RANK(L14,$L$9:$L$24)<6),RANK(L14,$L$9:$L$24),"") | M32: =IF(AND($C$26=M$26,RANK(M14,$M$9:$M$24)<6),RANK(M14,$M$9:$M$24),"") | N32: =IF(AND($C$26=N$26,RANK(N14,$N$9:$N$24)<6),RANK(N14,$N$9:$N$24),"") | O32: =IF(AND($C$26=O$26,RANK(O14,$O$9:$O$24)<6),RANK(O14,$O$9:$O$24),"") | P32: =IF(AND($C$26=P$26,RANK(P14,$P$9:$P$24)<6),RANK(P14,$P$9:$P$24),"") | Q32: =IF(AND($C$26=Q$26,RANK(Q14,$Q$9:$Q$24)<6),RANK(Q14,$Q$9:$Q$24),"") | R32: =IF(AND($C$26=R$26,RANK(R14,$R$9:$R$24)<6),RANK(R14,$R$9:$R$24),"") | S32: =IF(AND($C$26=S$26,RANK(S14,$S$9:$S$24)<6),RANK(S14,$S$9:$S$24),"") | T32: =IF(AND($C$26=T$26,RANK(T14,$T$9:$T$24)<6),RANK(T14,$T$9:$T$24),"") | U32: =IFERROR(VLOOKUP($C32,$C$9:$T$24,C$26+2,0),"") | V32: =IF(C32<>"",U32/$E$8*100,"")
C33: =IF(OR(E33<>"",F33<>"",G33<>"",H33<>"",I33<>"",J33<>"",K33<>"",L33<>"",M33<>"",N33<>"",O33<>"",P33<>"",Q33<>"",R33<>"",S33<>"",T33<>""),C15,"") -> Pulau Pinang | D33: =U33 -> 285.678 | E33: =IF(AND($C$26=E$26,RANK(E15,$E$9:$E$24)<6),RANK(E15,$E$9:$E$24),"") | F33: =IF(AND($C$26=F$26,RANK(F15,$F$9:$F$24)<6),RANK(F15,$F$9:$F$24),"") | G33: =IF(AND($C$26=G$26,RANK(G15,$G$9:$G$24)<6),RANK(G15,$G$9:$G$24),"") | H33: =IF(AND($C$26=H$26,RANK(H15,$H$9:$H$24)<6),RANK(H15,$H$9:$H$24),"") | I33: =IF(AND($C$26=I$26,RANK(I15,$I$9:$I$24)<6),RANK(I15,$I$9:$I$24),"") | J33: =IF(AND($C$26=J$26,RANK(J15,$J$9:$J$24)<6),RANK(J15,$J$9:$J$24),"") | K33: =IF(AND($C$26=K$26,RANK(K15,$K$9:$K$24)<6),RANK(K15,$K$9:$K$24),"") | L33: =IF(AND($C$26=L$26,RANK(L15,$L$9:$L$24)<6),RANK(L15,$L$9:$L$24),"") | M33: =IF(AND($C$26=M$26,RANK(M15,$M$9:$M$24)<6),RANK(M15,$M$9:$M$24),"") -> 2 | N33: =IF(AND($C$26=N$26,RANK(N15,$N$9:$N$24)<6),RANK(N15,$N$9:$N$24),"") | O33: =IF(AND($C$26=O$26,RANK(O15,$O$9:$O$24)<6),RANK(O15,$O$9:$O$24),"") | P33: =IF(AND($C$26=P$26,RANK(P15,$P$9:$P$24)<6),RANK(P15,$P$9:$P$24),"") | Q33: =IF(AND($C$26=Q$26,RANK(Q15,$Q$9:$Q$24)<6),RANK(Q15,$Q$9:$Q$24),"") | R33: =IF(AND($C$26=R$26,RANK(R15,$R$9:$R$24)<6),RANK(R15,$R$9:$R$24),"") | S33: =IF(AND($C$26=S$26,RANK(S15,$S$9:$S$24)<6),RANK(S15,$S$9:$S$24),"") | T33: =IF(AND($C$26=T$26,RANK(T15,$T$9:$T$24)<6),RANK(T15,$T$9:$T$24),"") | U33: =IFERROR(VLOOKUP($C33,$C$9:$T$24,C$26+2,0),"") -> 285.678 | V33: =IF(C33<>"",U33/$E$8*100,"") -> 2.9085818
C34: =IF(OR(E34<>"",F34<>"",G34<>"",H34<>"",I34<>"",J34<>"",K34<>"",L34<>"",M34<>"",N34<>"",O34<>"",P34<>"",Q34<>"",R34<>"",S34<>"",T34<>""),C16,"") -> Perak | D34: =U34 -> 190.379 | E34: =IF(AND($C$26=E$26,RANK(E16,$E$9:$E$24)<6),RANK(E16,$E$9:$E$24),"") | F34: =IF(AND($C$26=F$26,RANK(F16,$F$9:$F$24)<6),RANK(F16,$F$9:$F$24),"") | G34: =IF(AND($C$26=G$26,RANK(G16,$G$9:$G$24)<6),RANK(G16,$G$9:$G$24),"") | H34: =IF(AND($C$26=H$26,RANK(H16,$H$9:$H$24)<6),RANK(H16,$H$9:$H$24),"") | I34: =IF(AND($C$26=I$26,RANK(I16,$I$9:$I$24)<6),RANK(I16,$I$9:$I$24),"") | J34: =IF(AND($C$26=J$26,RANK(J16,$J$9:$J$24)<6),RANK(J16,$J$9:$J$24),"") | K34: =IF(AND($C$26=K$26,RANK(K16,$K$9:$K$24)<6),RANK(K16,$K$9:$K$24),"") | L34: =IF(AND($C$26=L$26,RANK(L16,$L$9:$L$24)<6),RANK(L16,$L$9:$L$24),"") | M34: =IF(AND($C$26=M$26,RANK(M16,$M$9:$M$24)<6),RANK(M16,$M$9:$M$24),"") -> 3 | N34: =IF(AND($C$26=N$26,RANK(N16,$N$9:$N$24)<6),RANK(N16,$N$9:$N$24),"") | O34: =IF(AND($C$26=O$26,RANK(O16,$O$9:$O$24)<6),RANK(O16,$O$9:$O$24),"") | P34: =IF(AND($C$26=P$26,RANK(P16,$P$9:$P$24)<6),RANK(P16,$P$9:$P$24),"") | Q34: =IF(AND($C$26=Q$26,RANK(Q16,$Q$9:$Q$24)<6),RANK(Q16,$Q$9:$Q$24),"") | R34: =IF(AND($C$26=R$26,RANK(R16,$R$9:$R$24)<6),RANK(R16,$R$9:$R$24),"") | S34: =IF(AND($C$26=S$26,RANK(S16,$S$9:$S$24)<6),RANK(S16,$S$9:$S$24),"") | T34: =IF(AND($C$26=T$26,RANK(T16,$T$9:$T$24)<6),RANK(T16,$T$9:$T$24),"") | U34: =IFERROR(VLOOKUP($C34,$C$9:$T$24,C$26+2,0),"") -> 190.379 | V34: =IF(C34<>"",U34/$E$8*100,"") -> 1.9383113
C35: =IF(OR(E35<>"",F35<>"",G35<>"",H35<>"",I35<>"",J35<>"",K35<>"",L35<>"",M35<>"",N35<>"",O35<>"",P35<>"",Q35<>"",R35<>"",S35<>"",T35<>""),C17,"") | D35: =U35 | E35: =IF(AND($C$26=E$26,RANK(E17,$E$9:$E$24)<6),RANK(E17,$E$9:$E$24),"") | F35: =IF(AND($C$26=F$26,RANK(F17,$F$9:$F$24)<6),RANK(F17,$F$9:$F$24),"") | G35: =IF(AND($C$26=G$26,RANK(G17,$G$9:$G$24)<6),RANK(G17,$G$9:$G$24),"") | H35: =IF(AND($C$26=H$26,RANK(H17,$H$9:$H$24)<6),RANK(H17,$H$9:$H$24),"") | I35: =IF(AND($C$26=I$26,RANK(I17,$I$9:$I$24)<6),RANK(I17,$I$9:$I$24),"") | J35: =IF(AND($C$26=J$26,RANK(J17,$J$9:$J$24)<6),RANK(J17,$J$9:$J$24),"") | K35: =IF(AND($C$26=K$26,RANK(K17,$K$9:$K$24)<6),RANK(K17,$K$9:$K$24),"") | L35: =IF(AND($C$26=L$26,RANK(L17,$L$9:$L$24)<6),RANK(L17,$L$9:$L$24),"") | M35: =IF(AND($C$26=M$26,RANK(M17,$M$9:$M$24)<6),RANK(M17,$M$9:$M$24),"") | N35: =IF(AND($C$26=N$26,RANK(N17,$N$9:$N$24)<6),RANK(N17,$N$9:$N$24),"") | O35: =IF(AND($C$26=O$26,RANK(O17,$O$9:$O$24)<6),RANK(O17,$O$9:$O$24),"") | P35: =IF(AND($C$26=P$26,RANK(P17,$P$9:$P$24)<6),RANK(P17,$P$9:$P$24),"") | Q35: =IF(AND($C$26=Q$26,RANK(Q17,$Q$9:$Q$24)<6),RANK(Q17,$Q$9:$Q$24),"") | R35: =IF(AND($C$26=R$26,RANK(R17,$R$9:$R$24)<6),RANK(R17,$R$9:$R$24),"") | S35: =IF(AND($C$26=S$26,RANK(S17,$S$9:$S$24)<6),RANK(S17,$S$9:$S$24),"") | T35: =IF(AND($C$26=T$26,RANK(T17,$T$9:$T$24)<6),RANK(T17,$T$9:$T$24),"") | U35: =IFERROR(VLOOKUP($C35,$C$9:$T$24,C$26+2,0),"") | V35: =IF(C35<>"",U35/$E$8*100,"")
C36: =IF(OR(E36<>"",F36<>"",G36<>"",H36<>"",I36<>"",J36<>"",K36<>"",L36<>"",M36<>"",N36<>"",O36<>"",P36<>"",Q36<>"",R36<>"",S36<>"",T36<>""),C18,"") -> Selangor | D36: =U36 -> 480.281 | E36: =IF(AND($C$26=E$26,RANK(E18,$E$9:$E$24)<6),RANK(E18,$E$9:$E$24),"") | F36: =IF(AND($C$26=F$26,RANK(F18,$F$9:$F$24)<6),RANK(F18,$F$9:$F$24),"") | G36: =IF(AND($C$26=G$26,RANK(G18,$G$9:$G$24)<6),RANK(G18,$G$9:$G$24),"") | H36: =IF(AND($C$26=H$26,RANK(H18,$H$9:$H$24)<6),RANK(H18,$H$9:$H$24),"") | I36: =IF(AND($C$26=I$26,RANK(I18,$I$9:$I$24)<6),RANK(I18,$I$9:$I$24),"") | J36: =IF(AND($C$26=J$26,RANK(J18,$J$9:$J$24)<6),RANK(J18,$J$9:$J$24),"") | K36: =IF(AND($C$26=K$26,RANK(K18,$K$9:$K$24)<6),RANK(K18,$K$9:$K$24),"") | L36: =IF(AND($C$26=L$26,RANK(L18,$L$9:$L$24)<6),RANK(L18,$L$9:$L$24),"") | M36: =IF(AND($C$26=M$26,RANK(M18,$M$9:$M$24)<6),RANK(M18,$M$9:$M$24),"") -> 1 | N36: =IF(AND($C$26=N$26,RANK(N18,$N$9:$N$24)<6),RANK(N18,$N$9:$N$24),"") | O36: =IF(AND($C$26=O$26,RANK(O18,$O$9:$O$24)<6),RANK(O18,$O$9:$O$24),"") | P36: =IF(AND($C$26=P$26,RANK(P18,$P$9:$P$24)<6),RANK(P18,$P$9:$P$24),"") | Q36: =IF(AND($C$26=Q$26,RANK(Q18,$Q$9:$Q$24)<6),RANK(Q18,$Q$9:$Q$24),"") | R36: =IF(AND($C$26=R$26,RANK(R18,$R$9:$R$24)<6),RANK(R18,$R$9:$R$24),"") | S36: =IF(AND($C$26=S$26,RANK(S18,$S$9:$S$24)<6),RANK(S18,$S$9:$S$24),"") | T36: =IF(AND($C$26=T$26,RANK(T18,$T$9:$T$24)<6),RANK(T18,$T$9:$T$24),"") | U36: =IFERROR(VLOOKUP($C36,$C$9:$T$24,C$26+2,0),"") -> 480.281 | V36: =IF(C36<>"",U36/$E$8*100,"") -> 4.8898991
C37: =IF(OR(E37<>"",F37<>"",G37<>"",H37<>"",I37<>"",J37<>"",K37<>"",L37<>"",M37<>"",N37<>"",O37<>"",P37<>"",Q37<>"",R37<>"",S37<>"",T37<>""),C19,"") | D37: =U37 | E37: =IF(AND($C$26=E$26,RANK(E19,$E$9:$E$24)<6),RANK(E19,$E$9:$E$24),"") | F37: =IF(AND($C$26=F$26,RANK(F19,$F$9:$F$24)<6),RANK(F19,$F$9:$F$24),"") | G37: =IF(AND($C$26=G$26,RANK(G19,$G$9:$G$24)<6),RANK(G19,$G$9:$G$24),"") | H37: =IF(AND($C$26=H$26,RANK(H19,$H$9:$H$24)<6),RANK(H19,$H$9:$H$24),"") | I37: =IF(AND($C$26=I$26,RANK(I19,$I$9:$I$24)<6),RANK(I19,$I$9:$I$24),"") | J37: =IF(AND($C$26=J$26,RANK(J19,$J$9:$J$24)<6),RANK(J19,$J$9:$J$24),"") | K37: =IF(AND($C$26=K$26,RANK(K19,$K$9:$K$24)<6),RANK(K19,$K$9:$K$24),"") | L37: =IF(AND($C$26=L$26,RANK(L19,$L$9:$L$24)<6),RANK(L19,$L$9:$L$24),"") | M37: =IF(AND($C$26=M$26,RANK(M19,$M$9:$M$24)<6),RANK(M19,$M$9:$M$24),"") | N37: =IF(AND($C$26=N$26,RANK(N19,$N$9:$N$24)<6),RANK(N19,$N$9:$N$24),"") | O37: =IF(AND($C$26=O$26,RANK(O19,$O$9:$O$24)<6),RANK(O19,$O$9:$O$24),"") | P37: =IF(AND($C$26=P$26,RANK(P19,$P$9:$P$24)<6),RANK(P19,$P$9:$P$24),"") | Q37: =IF(AND($C$26=Q$26,RANK(Q19,$Q$9:$Q$24)<6),RANK(Q19,$Q$9:$Q$24),"") | R37: =IF(AND($C$26=R$26,RANK(R19,$R$9:$R$24)<6),RANK(R19,$R$9:$R$24),"") | S37: =IF(AND($C$26=S$26,RANK(S19,$S$9:$S$24)<6),RANK(S19,$S$9:$S$24),"") | T37: =IF(AND($C$26=T$26,RANK(T19,$T$9:$T$24)<6),RANK(T19,$T$9:$T$24),"") | U37: =IFERROR(VLOOKUP($C37,$C$9:$T$24,C$26+2,0),"") | V37: =IF(C37<>"",U37/$E$8*100,"")
C38: =IF(OR(E38<>"",F38<>"",G38<>"",H38<>"",I38<>"",J38<>"",K38<>"",L38<>"",M38<>"",N38<>"",O38<>"",P38<>"",Q38<>"",R38<>"",S38<>"",T38<>""),C20,"") | D38: =U38 | E38: =IF(AND($C$26=E$26,RANK(E20,$E$9:$E$24)<6),RANK(E20,$E$9:$E$24),"") | F38: =IF(AND($C$26=F$26,RANK(F20,$F$9:$F$24)<6),RANK(F20,$F$9:$F$24),"") | G38: =IF(AND($C$26=G$26,RANK(G20,$G$9:$G$24)<6),RANK(G20,$G$9:$G$24),"") | H38: =IF(AND($C$26=H$26,RANK(H20,$H$9:$H$24)<6),RANK(H20,$H$9:$H$24),"") | I38: =IF(AND($C$26=I$26,RANK(I20,$I$9:$I$24)<6),RANK(I20,$I$9:$I$24),"") | J38: =IF(AND($C$26=J$26,RANK(J20,$J$9:$J$24)<6),RANK(J20,$J$9:$J$24),"") | K38: =IF(AND($C$26=K$26,RANK(K20,$K$9:$K$24)<6),RANK(K20,$K$9:$K$24),"") | L38: =IF(AND($C$26=L$26,RANK(L20,$L$9:$L$24)<6),RANK(L20,$L$9:$L$24),"") | M38: =IF(AND($C$26=M$26,RANK(M20,$M$9:$M$24)<6),RANK(M20,$M$9:$M$24),"") | N38: =IF(AND($C$26=N$26,RANK(N20,$N$9:$N$24)<6),RANK(N20,$N$9:$N$24),"") | O38: =IF(AND($C$26=O$26,RANK(O20,$O$9:$O$24)<6),RANK(O20,$O$9:$O$24),"") | P38: =IF(AND($C$26=P$26,RANK(P20,$P$9:$P$24)<6),RANK(P20,$P$9:$P$24),"") | Q38: =IF(AND($C$26=Q$26,RANK(Q20,$Q$9:$Q$24)<6),RANK(Q20,$Q$9:$Q$24),"") | R38: =IF(AND($C$26=R$26,RANK(R20,$R$9:$R$24)<6),RANK(R20,$R$9:$R$24),"") | S38: =IF(AND($C$26=S$26,RANK(S20,$S$9:$S$24)<6),RANK(S20,$S$9:$S$24),"") | T38: =IF(AND($C$26=T$26,RANK(T20,$T$9:$T$24)<6),RANK(T20,$T$9:$T$24),"") | U38: =IFERROR(VLOOKUP($C38,$C$9:$T$24,C$26+2,0),"") | V38: =IF(C38<>"",U38/$E$8*100,"")
... C42: =IF(OR(E42<>"",F42<>"",G42<>"",H42<>"",I42<>"",J42<>"",K42<>"",L42<>"",M42<>"",N42<>"",O42<>"",P42<>"",Q42<>"",R42<>"",S42<>"",T42<>""),C24,"") | D42: =U42 | E42: =IF(AND($C$26=E$26,RANK(E24,$E$9:$E$24)<6),RANK(E24,$E$9:$E$24),"") | F42: =IF(AND($C$26=F$26,RANK(F24,$F$9:$F$24)<6),RANK(F24,$F$9:$F$24),"") | G42: =IF(AND($C$26=G$26,RANK(G24,$G$9:$G$24)<6),RANK(G24,$G$9:$G$24),"") | H42: =IF(AND($C$26=H$26,RANK(H24,$H$9:$H$24)<6),RANK(H24,$H$9:$H$24),"") | I42: =IF(AND($C$26=I$26,RANK(I24,$I$9:$I$24)<6),RANK(I24,$I$9:$I$24),"") | J42: =IF(AND($C$26=J$26,RANK(J24,$J$9:$J$24)<6),RANK(J24,$J$9:$J$24),"") | K42: =IF(AND($C$26=K$26,RANK(K24,$K$9:$K$24)<6),RANK(K24,$K$9:$K$24),"") | L42: =IF(AND($C$26=L$26,RANK(L24,$L$9:$L$24)<6),RANK(L24,$L$9:$L$24),"") | M42: =IF(AND($C$26=M$26,RANK(M24,$M$9:$M$24)<6),RANK(M24,$M$9:$M$24),"") | N42: =IF(AND($C$26=N$26,RANK(N24,$N$9:$N$24)<6),RANK(N24,$N$9:$N$24),"") | O42: =IF(AND($C$26=O$26,RANK(O24,$O$9:$O$24)<6),RANK(O24,$O$9:$O$24),"") | P42: =IF(AND($C$26=P$26,RANK(P24,$P$9:$P$24)<6),RANK(P24,$P$9:$P$24),"") | Q42: =IF(AND($C$26=Q$26,RANK(Q24,$Q$9:$Q$24)<6),RANK(Q24,$Q$9:$Q$24),"") | R42: =IF(AND($C$26=R$26,RANK(R24,$R$9:$R$24)<6),RANK(R24,$R$9:$R$24),"") | S42: =IF(AND($C$26=S$26,RANK(S24,$S$9:$S$24)<6),RANK(S24,$S$9:$S$24),"") | T42: =IF(AND($C$26=T$26,RANK(T24,$T$9:$T$24)<6),RANK(T24,$T$9:$T$24),"") | U42: =IFERROR(VLOOKUP($C42,$C$9:$T$24,C$26+2,0),"") | V42: =IF(C42<>"",U42/$E$8*100,"")

Sheet Jadual 11 & 12
A1: =Tajuk!B21 -> Jadual 11: Taburan peratus ketibaan pelawat domestik di Perlis mengikut mod pengangkutan, 2024 dan 2025
A2: =Tajuk!B22 -> Table 11: Percentage distribution of domestic visitor arrivals in Perlis by mode of transport, 2024 and 2025
A4: Mod pengangkutan Mode of transport | B4: =Master!A1 -> 2024 | E4: =Master!A2 -> 2025
B5: Pelawat Visitors | C5: Pelawat harian Excursionists | D5: Pelancong Tourists | E5: Pelawat Visitors | F5: Pelawat harian Excursionists | G5: Pelancong Tourists
B6: (%)
A8: Jumlah/ Total | B8: =SUM(B9:B11) -> 100 | C8: =SUM(C9:C11) -> 100 | D8: =SUM(D9:D11) -> 100 | E8: =SUM(E9:E11) -> 100 | F8: =SUM(F9:F11) -> 100 | G8: =SUM(G9:G11) -> 100
A9: Udara/ Air | B9: =IF('[13]T11'!$J47<>0,'[13]T11'!$J47,"-") -> 0.2 | C9: =IF('[13]T11'!$J57<>0,'[13]T11'!$J57,"-") -> - | D9: =IF('[13]T11'!$J67<>0,'[13]T11'!$J67,"-") -> 0.5 | E9: =IF('[13]T11'!$J7<>0,'[13]T11'!$J7,"-") -> 0.4 | F9: =IF('[13]T11'!$J17<>0,'[13]T11'!$J17,"-") -> - | G9: =IF('[13]T11'!$J27<>0,'[13]T11'!$J27,"-") -> 1.1
A10: Air/ Water | B10: =IF('[13]T11'!$J48<>0,'[13]T11'!$J48,"-") -> 0.8 | C10: =IF('[13]T11'!$J58<>0,'[13]T11'!$J58,"-") -> - | D10: =IF('[13]T11'!$J68<>0,'[13]T11'!$J68,"-") -> 2.2 | E10: =IF('[13]T11'!$J8<>0,'[13]T11'!$J8,"-") -> 1 | F10: =IF('[13]T11'!$J18<>0,'[13]T11'!$J18,"-") -> - | G10: =IF('[13]T11'!$J28<>0,'[13]T11'!$J28,"-") -> 2.3
A11: Darat/ Land | B11: =IF('[13]T11'!$J49<>0,'[13]T11'!$J49,"-") -> 99 | C11: =IF('[13]T11'!$J59<>0,'[13]T11'!$J59,"-") -> 100 | D11: =IF('[13]T11'!$J69<>0,'[13]T11'!$J69,"-") -> 97.3 | E11: =IF('[13]T11'!$J9<>0,'[13]T11'!$J9,"-") -> 98.6 | F11: =IF('[13]T11'!$J19<>0,'[13]T11'!$J19,"-") -> 100 | G11: =IF('[13]T11'!$J29<>0,'[13]T11'!$J29,"-") -> 96.6
A12: Kenderaan persendirian Private vehicles | B12: =IF('[13]T11'!$J50<>0,'[13]T11'!$J50,"-") -> 92.7 | C12: =IF('[13]T11'!$J60<>0,'[13]T11'!$J60,"-") -> 95.8 | D12: =IF('[13]T11'!$J70<>0,'[13]T11'!$J70,"-") -> 87.5 | E12: =IF('[13]T11'!$J10<>0,'[13]T11'!$J10,"-") -> 94.8 | F12: =IF('[13]T11'!$J20<>0,'[13]T11'!$J20,"-") -> 96.3 | G12: =IF('[13]T11'!$J30<>0,'[13]T11'!$J30,"-") -> 92.5
A13: Teksi/ Taxi | B13: =IF('[13]T11'!$J51<>0,'[13]T11'!$J51,"-") -> 3.8 | C13: =IF('[13]T11'!$J61<>0,'[13]T11'!$J61,"-") -> 2.3 | D13: =IF('[13]T11'!$J71<>0,'[13]T11'!$J71,"-") -> 4.3 | E13: =IF('[13]T11'!$J11<>0,'[13]T11'!$J11,"-") -> 1.6 | F13: =IF('[13]T11'!$J21<>0,'[13]T11'!$J21,"-") -> 2.2 | G13: =IF('[13]T11'!$J31<>0,'[13]T11'!$J31,"-") -> 0.7
A14: Bas/ Bus | B14: =IF('[13]T11'!$J52<>0,'[13]T11'!$J52,"-") -> 2.9 | C14: =IF('[13]T11'!$J62<>0,'[13]T11'!$J62,"-") -> 1.1 | D14: =IF('[13]T11'!$J72<>0,'[13]T11'!$J72,"-") -> 7.9 | E14: =IF('[13]T11'!$J12<>0,'[13]T11'!$J12,"-") -> 3.2 | F14: =IF('[13]T11'!$J22<>0,'[13]T11'!$J22,"-") -> 0.8 | G14: =IF('[13]T11'!$J32<>0,'[13]T11'!$J32,"-") -> 6.8
A15: Kereta api/ Train | B15: =IF('[13]T11'!$J53<>0,'[13]T11'!$J53,"-") -> 0.6 | C15: =IF('[13]T11'!$J63<>0,'[13]T11'!$J63,"-") -> 0.8 | D15: =IF('[13]T11'!$J73<>0,'[13]T11'!$J73,"-") -> 0.3 | E15: =IF('[13]T11'!$J13<>0,'[13]T11'!$J13,"-") -> 0.4 | F15: =IF('[13]T11'!$J23<>0,'[13]T11'!$J23,"-") -> 0.7 | G15: =IF('[13]T11'!$J33<>0,'[13]T11'!$J33,"-") -> 0.01
A19: =Tajuk!B23 -> Jadual 12: Taburan peratus ketibaan pelancong di Perlis mengikut jenis penginapan, 2024 dan 2025
A20: =Tajuk!B24 -> Table 12: Percentage distribution of tourist arrivals in Perlis by types of accommodation, 2024 and 2025
A22: Jenis penginapan Type of accommodation | D22: =Master!A1 -> 2024 | F22: =Master!A2 -> 2025
D23: Peratus/ Percentage (%)
A25: Jumlah/ Total | D25: =SUM(D26:E31) -> 100 | F25: =SUM(F26:G31) -> 100
A26: Rumah saudara-mara & rakan Relatives' & friends' houses | D26: ='[13]T12'!$J27 -> 58.4 | F26: ='[13]T12'!$J7 -> 66
A27: Hotel/ Hotels | D27: ='[13]T12'!$J28 -> 16.9 | F27: ='[13]T12'!$J8 -> 14.2
A28: Chalet/ Chalets | D28: ='[13]T12'!$J29 -> 0 | F28: ='[13]T12'!$J9 -> 0.2
A29: Apartmen/ Apartments | D29: ='[13]T12'!$J30 -> 2.7 | F29: ='[13]T12'!$J10 -> 3.2
A30: Inap desa/ rumah percutian Homestays/ vacation homes | D30: ='[13]T12'!$J31 -> 19.7 | F30: ='[13]T12'!$J11 -> 14.9
A31: Rumah rehat/ Rest houses | D31: ='[13]T12'!$J32 -> 2.3 | F31: ='[13]T12'!$J12 -> 1.5

Sheet Jadual 13
A1: =Tajuk!B25 -> Jadual 13: Profil sosial & demografi pelawat domestik ke Perlis, 2024 dan 2025
A2: =Tajuk!B26 -> Table 13: Social & demographic profiles of domestic visitors to Perlis, 2024 and 2025
A4: Jantina Sex | B4: Kumpulan umur Age group | C4: =Master!A1 -> 2024 | D4: =Master!A2 -> 2025
C5: Peratus/ Percentage (%)
A7: Jumlah/ Total
A8: Jumlah/ Total | C8: =SUM(C9:C12) -> 100 | D8: =SUM(D9:D12) -> 100
B9: 15 - 24 | C9: =[13]T13_Age!$J37 -> 22.3 | D9: =[13]T13_Age!$J7 -> 23.6
B10: 25 - 39 | C10: =[13]T13_Age!$J38 -> 32.6 | D10: =[13]T13_Age!$J8 -> 26.9
B11: 40 - 54 | C11: =[13]T13_Age!$J39 -> 24.3 | D11: =[13]T13_Age!$J9 -> 24.5
B12: ≥ 55 | C12: =[13]T13_Age!$J40 -> 20.8 | D12: =[13]T13_Age!$J10 -> 25
A14: Lelaki/ Male
A15: Jumlah/ Total | C15: =SUM(C16:C19) -> 100 | D15: =SUM(D16:D19) -> 100
B16: 15 - 24 | C16: =[13]T13_Age!$J44 -> 23.4 | D16: =[13]T13_Age!$J14 -> 24.9
B17: 25 - 39 | C17: =[13]T13_Age!$J45 -> 33.1 | D17: =[13]T13_Age!$J15 -> 25.3
B18: 40 - 54 | C18: =[13]T13_Age!$J46 -> 22.7 | D18: =[13]T13_Age!$J16 -> 26.5
B19: ≥ 55 | C19: =[13]T13_Age!$J47 -> 20.8 | D19: =[13]T13_Age!$J17 -> 23.3
A21: Perempuan/ Female
A22: Jumlah/ Total | C22: =SUM(C23:C26) -> 100 | D22: =SUM(D23:D26) -> 100
B23: 15 - 24 | C23: =[13]T13_Age!$J51 -> 21.1 | D23: =[13]T13_Age!$J21 -> 22.4
B24: 25 - 39 | C24: =[13]T13_Age!$J52 -> 32.2 | D24: =[13]T13_Age!$J22 -> 28.5
B25: 40 - 54 | C25: =[13]T13_Age!$J53 -> 25.9 | D25: =[13]T13_Age!$J23 -> 25.4
B26: ≥ 55 | C26: =[13]T13_Age!$J54 -> 20.8 | D26: =[13]T13_Age!$J24 -> 23.7
B28: Kumpulan etnik Ethnic group | C28: =Master!A1 -> 2024 | D28: =Master!A2 -> 2025
C29: Peratus/ Percentage (%)
A31: Jumlah/ Total | C31: =SUM(C32:C35) -> 100 | D31: =SUM(D32:D35) -> 100
B32: Bumiputera/ Bumiputera | C32: =[13]T13_Ethnic!$J16 -> 87.7 | D32: =[13]T13_Ethnic!$J6 -> 78.8
B33: Cina/ Chinese | C33: =[13]T13_Ethnic!$J17 -> 10.5 | D33: =[13]T13_Ethnic!$J7 -> 15
B34: India/ Indians | C34: =[13]T13_Ethnic!$J18 -> 1.3 | D34: =[13]T13_Ethnic!$J8 -> 4.8
B35: Lain-lain/ Others | C35: =[13]T13_Ethnic!$J19 -> 0.5 | D35: =[13]T13_Ethnic!$J9 -> 1.4
B37: Sijil tertinggi diperoleh Highest certificate obtained | C37: =Master!A1 -> 2024 | D37: =Master!A2 -> 2025
C38: Peratus/ Percentage (%)
A40: Jumlah/ Total | C40: =SUM(C41:C44) -> 100 | D40: =SUM(D41:D44) -> 100
B41: Tertiari/ Tertiary | C41: =[13]T13_Edu!$J17 -> 31.8 | D41: =[13]T13_Edu!$J7 -> 30.2
B42: Menengah/ Secondary | C42: =[13]T13_Edu!$J18 -> 57.7 | D42: =[13]T13_Edu!$J8 -> 55.3
B43: Rendah/ Primary | C43: =[13]T13_Edu!$J19 -> 8.1 | D43: =[13]T13_Edu!$J9 -> 10.8
B44: Tiada pendidikan rasmi No formal education | C44: =[13]T13_Edu!$J20 -> 2.4 | D44: =[13]T13_Edu!$J10 -> 3.7

Sheet Jadual 13a
A1: =Tajuk!B27 -> Jadual 13: Profil sosial & demografi pelawat domestik ke Perlis, 2024 dan 2025 (samb.)
A2: =Tajuk!B28 -> Table 13: Social & demographic profiles of domestic visitors to Perlis, 2024 and 2025 (cont'd.)
B4: Pendapatan bulanan isi rumah (RM) Monthly household income (RM) | C4: =Master!A1 -> 2024 | D4: =Master!A2 -> 2025
C5: Peratus/ Percentage (%)
A7: Jumlah/ Total | C7: =SUM(C8:C12) -> 100 | D7: =SUM(D8:D12) -> 100
B8: ≤ 1,000 | C8: =[13]T13_Income!$J15 -> 3.4 | D8: =[13]T13_Income!$J5 -> 3.9
B9: 1,001 - 3,000 | C9: =[13]T13_Income!$J16 -> 32.4 | D9: =[13]T13_Income!$J6 -> 32.7
B10: 3,001 - 5,000 | C10: =[13]T13_Income!$J17 -> 25.4 | D10: =[13]T13_Income!$J7 -> 25.4
B11: 5,001 - 10,000 | C11: =[13]T13_Income!$J18 -> 29.4 | D11: =[13]T13_Income!$J8 -> 28.9
B12: ≥ 10,001 | C12: =[13]T13_Income!$J19 -> 9.4 | D12: =[13]T13_Income!$J9 -> 9.1
B14: Status guna tenaga Employment status | C14: =Master!A1 -> 2024 | D14: =Master!A2 -> 2025
C15: Peratus/ Percentage (%)
A17: Jumlah/ Total | C17: =C18+C24 -> 100 | D17: =D18+D24 -> 100
B18: Bekerja Employed | C18: =SUM(C19:C23) -> 55 | D18: =SUM(D19:D23) -> 54.5 | E18: =[13]T13_Employment!$J26 -> 55 | F18: =[13]T13_Employment!$J6 -> 54.5
B19: Profesional/ teknikal Professional/ technical | C19: =[13]T13_Employment!$J27 -> 15.8 | D19: =[13]T13_Employment!$J7 -> 12.5
B20: Pengurusan/ pentadbiran Managerial/ administrative | C20: =[13]T13_Employment!$J28 -> 3.9 | D20: =[13]T13_Employment!$J8 -> 1.6
B21: Jurujual/ perkeranian Sales person/ clerical | C21: =[13]T13_Employment!$J29 -> 20.5 | D21: =[13]T13_Employment!$J9 -> 21
B22: Pekerja am General worker | C22: =[13]T13_Employment!$J30 -> 8.1 | D22: =[13]T13_Employment!$J10 -> 8.7
B23: Lain-lain Others | C23: =[13]T13_Employment!$J31 -> 6.7 | D23: =[13]T13_Employment!$J11 -> 10.7
B24: Tidak bekerja/ luar tenaga buruh Unemployed/ outside labour force | C24: =SUM(C25:C28) -> 45 | D24: =SUM(D25:D28) -> 45.5 | E24: =[13]T13_Employment!$J32 -> 45 | F24: =[13]T13_Employment!$J12 -> 45.5
B25: Tidak bekerja Unemployed | C25: =[13]T13_Employment!$J33 -> 7.5 | D25: =[13]T13_Employment!$J13 -> 8.9
B26: Pesara Retiree | C26: =[13]T13_Employment!$J34 -> 7.5 | D26: =[13]T13_Employment!$J14 -> 4.9
B27: Pelajar Student | C27: =[13]T13_Employment!$J35 -> 11 | D27: =[13]T13_Employment!$J15 -> 13.9
B28: Suri rumah Housewife | C28: =[13]T13_Employment!$J36 -> 19 | D28: =[13]T13_Employment!$J16 -> 17.8

Sheet Jadual 14 & 15
A1: =Tajuk!B29 -> Jadual 14: Hotel dan bilik di Perlis mengikut penarafan bintang, 2025
A2: =Tajuk!B30 -> Table 14: Hotel and room in Perlis by star rating, 2025
A4: Penarafan Rating | C4: Hotel Hotel | F4: Bilik Room
A5: 5-Bintang/ 5-Star | C5: ='[13]J14&15'!$J56 -> 0 | F5: ='[13]J14&15'!$J67 -> 0
A6: 4-Bintang/ 4-Star | C6: ='[13]J14&15'!$J57 -> 1 | F6: ='[13]J14&15'!$J68 -> 145
A7: 3-Bintang/ 3-Star | C7: ='[13]J14&15'!$J58 -> 3 | F7: ='[13]J14&15'!$J69 -> 241
A8: 2-Bintang/ 2-Star | C8: ='[13]J14&15'!$J59 -> 4 | F8: ='[13]J14&15'!$J70 -> 163
A9: 1-Bintang/ 1-Star | C9: ='[13]J14&15'!$J60 -> 5 | F9: ='[13]J14&15'!$J71 -> 203
A10: 3 Orkid/ 3 Orchid | C10: ='[13]J14&15'!$J61 -> 2 | F10: ='[13]J14&15'!$J72 -> 29
A11: 2 Orkid/ 2 Orchid | C11: ='[13]J14&15'!$J62 -> 5 | F11: ='[13]J14&15'!$J73 -> 130
A12: 1 Orkid/ 1 Orchid | C12: ='[13]J14&15'!$J63 -> 2 | F12: ='[13]J14&15'!$J74 -> 40
A13: Unrated | C13: ='[13]J14&15'!$J64 -> 11 | F13: ='[13]J14&15'!$J75 -> 370
A14: Jumlah/ Total | C14: =SUM(C5:C13) -> 33 | F14: =SUM(F5:F13) -> 1321
G16: Sumber: Pusat Maklumat Harta Tanah Negara (NAPIC)
G17: Source: National Property Information Centre (NAPIC)
A20: =Tajuk!B31 -> Jadual 15: Hotel dan bilik di Perlis mengikut lokasi, 2025
A21: =Tajuk!B32 -> Table 15: Hotel and room in Perlis by location, 2025
A23: Lokasi Location | C23: Hotel Hotel | F23: Bilik Room
A24: Bandar/ pekan/ City/ town | C24: ='[13]J14&15'!$J99 -> 26 | F24: ='[13]J14&15'!$J105 -> 1015
A25: Pantai/ Beach | C25: ='[13]J14&15'!$J100 -> 2 | F25: ='[13]J14&15'!$J106 -> 150
A26: Gunung/ Hill | C26: ='[13]J14&15'!$J101 -> 0 | F26: ='[13]J14&15'!$J107 -> 0
A27: Lain-lain/ Others | C27: ='[13]J14&15'!$J102 -> 5 | F27: ='[13]J14&15'!$J108 -> 156
A28: Jumlah/ Total | C28: =SUM(C24:C27) -> 33 | F28: =SUM(F24:F27) -> 1321 | H28: =C14 -> 33 | I28: =F14 -> 1321
G30: Sumber: Pusat Maklumat Harta Tanah Negara (NAPIC)
G31: Source: National Property Information Centre (NAPIC)
